Headliner,Count,Total_Gross,Tickets_Sold,Avg_Ticket_Price
Bad Bunny,25,315344324.82,2318451,135.6
Noah Kahan,16,153824156.58,933109,163.81
"Chris Brown, Usher",12,153421356.63,863336,170.62
Lady Gaga,14,131822697.65,575395,264.39
TWICE,31,98776009.3,814619,139.29
System Of A Down,7,94303921.26,678130,138.19
AC/DC,7,78722339.26,525754,150.28
Ariana Grande,10,78130384.67,459355,171.62
Karol G,8,74029709.29,340753,213.65
Pitbull,25,73522079.83,698125,105.68
Rüfüs Du Sol,29,72246132.56,720094,91.25
Cardi B,32,70034411.48,453043,151.32
Eagles,14,66717468.01,228999,291.36
Backstreet Boys,22,65874897.35,366773,179.58
"Ne-Yo, Akon",50,60965720.98,813800,75.46
Bruce Springsteen &amp; The E Street Band,12,59126355.0,236259,257.07
Peso Pluma,31,58401177.04,475361,121.62
No Doubt,18,56524707.9,287287,195.98
Phish,10,56296134.95,403800,128.57
Linkin Park,8,55641409.38,395796,140.03
"""Lollapalooza Argentina""",3,53524544.48,285000,187.8
Fuerza Regida,9,53216393.68,368730,144.16
Alex Warren,48,51379191.81,656689,79.73
Luke Combs,8,49205365.6,378065,124.9
J. Cole,14,48060626.3,320467,149.43
Don Toliver,36,44009240.24,482349,91.16
BTS,1,43477765.51,145763,298.28
Dave Matthews Band,22,40288083.74,383405,108.76
Hilary Duff,25,34447996.71,437229,79.11
Shakira,9,32358061.19,218535,149.1
Bon Jovi,3,31408392.79,126057,249.17
Nine Inch Nails,23,30652056.71,263377,116.21
Rosalía,15,29303110.77,221966,130.08
Matt Rife,27,29130013.45,337581,86.31
ILLENIUM,11,29064004.39,178852,162.51
"""Dancing With The Stars Live""",66,26173432.59,264178,98.27
"""EDC Week""",1,25946976.77,319801,81.13
Florence + The Machine,18,25025607.36,239105,103.35
mgk,33,24101466.34,392833,65.93
Rush,4,22735768.36,95305,228.38
Def Leppard,20,20968298.43,149830,164.92
Guns N' Roses,10,18833770.81,138234,136.65
"""Lollapalooza Chile""",1,18609724.55,170164,109.36
Los Bukis,2,18550817.0,130478,136.34
Bad Omens,19,17736340.22,214644,82.63
My Chemical Romance,2,17070434.99,159231,107.76
HARDY,27,16375301.91,237365,72.05
Bailey Zimmerman,29,16298162.31,244675,67.84
Conan Gray,18,15499792.08,195511,80.46
Tyler Childers,15,15297566.15,161684,83.04
"""Weird Al"" Yankovic",38,13592561.57,214516,64.61
Diljit Dosanjh,7,13462516.5,91585,132.29
Mumford &amp; Sons,7,13348752.07,121254,107.95
The Weeknd,3,11925869.94,153920,77.44
A$AP Rocky,10,11129378.22,111012,99.15
Raye,11,11026940.27,131210,78.73
Zayn,10,11001721.92,88975,130.8
"""Vive Latino""",1,10873074.46,149348,72.8
"""Festival Estereo Picnic""",1,10741302.81,88198,121.79
Dave,10,10502929.07,113952,88.73
Iron Maiden,3,10319664.26,99466,103.83
Shinedown,19,10316583.0,128335,80.46
Rod Stewart,9,10280896.01,91280,113.91
5 Seconds Of Summer,14,10180484.45,132340,74.13
Deftones,5,9849271.76,92187,104.04
Ricardo Arjona,7,9568240.98,77417,124.7
Daniel Caesar,7,9357310.73,87770,106.43
The Neighbourhood,8,8975936.53,103265,85.18
Mary J. Blige,10,8693683.0,43000,205.27
Big Time Rush,11,8691263.17,82462,94.41
Eric Clapton,1,8673213.93,15996,542.21
Jack Johnson,7,8637409.32,110886,80.22
"""The Phantom Of The Opera""",28,8520196.94,85164,99.16
Rawayana,10,8311179.27,126743,63.49
Olivia Dean,5,7850024.13,80832,94.15
Grupo Firme,1,7802664.48,114014,68.44
"""I-Days Festival"", System Of A Down",1,7794625.03,77120,101.07
Marco Antonio Solís,4,7788924.86,82827,96.21
New Kids On The Block,16,7654778.0,55262,138.9
Jonas Brothers,8,7570753.27,69046,117.36
Joji,10,7434965.61,80328,90.17
Miguel,27,7088386.91,119564,58.15
Mon Laferte,7,6744522.1,80498,80.82
"""C2C: Country to Country""",5,6549878.48,46229,71.66
The Offspring,14,6519893.15,94364,72.9
"Avenged Sevenfold, Good Charlotte",9,6510173.22,114603,57.46
"""The Lion King""",24,6450516.82,82557,77.84
Three Days Grace,13,6446787.98,100380,65.48
Kali Uchis,8,6349272.22,71977,86.41
Chayanne,3,6324424.43,43798,144.17
Summer Walker,7,6282481.62,64022,94.05
Bring Me The Horizon,6,6186206.93,69575,88.78
Melanie Martinez,7,6182613.29,59099,102.82
Caifanes,4,6108177.45,116039,55.27
Lionel Richie,5,6077257.37,55323,106.27
Biffy Clyro,8,5947295.96,70730,79.71
Avenged Sevenfold,2,5875413.06,60253,94.25
Xavier Naidoo,4,5661512.0,45500,123.86
Rascal Flatts,9,5653095.9,80832,70.33
"""Braves Country Fest""",1,5530311.25,38155,144.94
Ghost,6,5286254.9,49135,108.02
Riley Green,6,5277979.5,77756,69.4
Doja Cat,5,5265293.08,53452,94.92
Demi Lovato,6,5172572.48,57539,90.97
The Strokes,3,5164685.0,45578,113.23
CA7RIEL &amp; Paco Amoroso,11,4938727.49,66457,69.07
Megadeth,9,4666519.86,66814,68.53
Wu-Tang Clan,3,4645118.69,39453,117.96
Dave Chappelle,2,4575622.9,28924,153.81
"""Disney On Ice: Into the Magic""",4,4524853.53,86915,52.04
J Balvin,3,4477634.85,55317,79.86
Korn,2,4458808.11,39161,113.28
Tedeschi Trucks Band,4,4391592.04,30786,133.26
Split Enz,4,4389359.08,39852,112.86
Max Korzh,1,4334877.51,38928,111.36
Josh Groban,7,4317262.02,43386,97.08
Fito &amp; Fitipaldis,3,4264509.69,48077,88.85
Milo J,6,4224112.66,66850,62.88
The Guess Who,7,4051797.01,54554,74.51
Jill Scott,10,4043120.68,27783,141.88
Peter Kay,2,4034380.39,47398,84.92
"Tyler, The Creator",2,3927521.96,33348,117.78
Gorillaz,3,3874173.94,35778,108.05
Louis Tomlinson,6,3690202.72,54096,68.79
Sammy Hagar,8,3682976.0,18983,192.51
Soda Stereo,5,3652657.16,45263,81.5
Madison Beer,7,3599122.32,49666,69.37
José Madero,1,3466724.42,49416,70.15
Miguel Bosé,2,3462408.44,29893,111.49
Jackson Wang,4,3379640.76,29967,110.74
Charlie Puth,9,3273959.46,55193,59.18
"""World Wrestling Entertainment""",2,3206926.38,16075,202.39
Foo Fighters,3,3179476.73,25625,123.0
Intocable,2,3170099.93,45409,71.53
John Mulaney,5,3123918.7,33283,93.24
"""Tecate Emblema""",1,3066872.54,73631,41.65
Yuri,4,3056918.77,37849,80.77
OneRepublic,3,3054700.27,30759,99.57
BAUM,1,3042069.64,43227,70.37
Cazzu,5,2993067.84,27730,102.98
Zoé,4,2860093.85,25391,107.01
Los Tigres Del Norte,1,2834272.38,53852,52.63
Arcángel,3,2802415.94,37072,74.94
Sebastián Yatra,6,2773587.64,36498,72.98
"""Keinemusik Showcase""",1,2736692.48,23097,118.49
The Prodigy,3,2702882.52,35165,77.69
Slaughter To Prevail,14,2656892.15,42879,62.4
Parker McCollum,5,2651141.85,42874,59.82
Tame Impala,2,2624466.88,26393,99.92
"""Lytham Festival"", Pitbull",1,2561633.21,25399,100.86
Triumph,6,2554982.24,36478,68.78
Reneé Rapp,3,2529807.15,32840,76.91
Yandel,4,2480817.61,29552,86.26
Manuel Mijares,3,2463425.39,27756,88.73
IVE,3,2461874.68,22705,107.25
Cris MJ,3,2459300.66,41796,49.67
Alfie Boe,18,2445617.29,26852,92.05
Roxette,5,2427591.06,30444,76.73
Martin Garrix,1,2419217.0,33062,73.17
Jim Gaffigan,8,2419211.5,29939,86.51
Bosse,1,2417056.31,18905,127.85
Santana,2,2371646.75,20194,113.78
Stevie Nicks,1,2311567.25,11528,200.52
Jason Aldean,4,2291648.63,23280,102.06
"""Belsonic"", Pitbull",1,2287560.83,22110,103.46
Emmanuel &amp; Mijares,3,2264578.84,28339,79.91
Maroon 5,2,2249797.63,17155,129.97
Ed Sheeran,1,2106611.96,20244,104.06
Giveon,4,2100319.43,25536,77.78
Ty Myers,6,2044619.7,41093,50.97
FKA Twigs,6,2037684.81,30490,62.84
Lily Allen,4,2035338.9,23750,88.91
"""Hot Wheels Monster Trucks Live: Glow-N-Fire""",3,2022951.35,49473,40.53
"""Reggae Fest"", Alkaline",1,2003913.0,15243,131.46
Evanescence,3,1959297.85,30235,64.59
"""Copa De Leyendas""",1,1955293.24,23561,82.99
Khalid,4,1944967.42,23387,84.24
Yungblud,4,1938930.6,27344,71.18
YOASOBI,2,1913625.5,16375,114.43
"Lionel Richie, Earth, Wind &amp; Fire",1,1874069.78,13744,136.36
Lorde,2,1856653.2,25542,70.31
Kenia Os,3,1851060.61,30579,71.16
Kes,5,1839369.97,34837,44.61
Alejandro Sanz,2,1808515.06,17752,102.15
The Lumineers,8,1790249.83,29363,60.62
Lewis Capaldi,3,1766213.0,22064,75.23
Grupo Frontera,2,1763910.01,20010,86.9
The xx,1,1752413.91,23905,73.31
Kapo,6,1741960.39,35269,49.13
Lenny Kravitz,2,1709825.88,13428,128.67
Ari Lennox,11,1666892.12,24193,64.41
Alter Bridge,6,1664559.5,22649,66.52
El Malilla,7,1639154.49,32349,42.81
Pulp,1,1631105.26,15010,108.67
"""31 Minutos""",3,1626910.33,33936,46.4
Panteón Rococó,8,1593380.41,30955,51.32
Mariah The Scientist,7,1587821.48,27872,57.2
Electric Callboy ,5,1577929.59,25554,61.73
Yacht Rock Revue,15,1575155.85,36177,44.62
Maná,1,1556537.36,13359,116.52
Kid Cudi,2,1551776.18,15423,99.92
Raphael,4,1532490.29,29636,43.79
The Black Crowes,4,1528437.33,20944,75.68
Motionless In White,4,1527311.19,20896,71.88
Kany García ,2,1509653.43,18478,82.36
Latin Mafia,1,1494675.29,20709,72.18
Christina Aguilera,1,1483491.02,13906,106.68
Palomazo Norteño,2,1473092.5,13358,111.52
Joanne McNally,7,1456845.23,26525,55.0
Bleachers,4,1431172.07,19812,64.6
Creed,2,1396359.39,17511,80.68
David Byrne,2,1376876.96,14230,98.38
Rick Astley,3,1356340.01,17084,78.93
Baby Keem,7,1329819.31,19698,65.18
Subtronics ,5,1326884.86,27247,48.75
Blessd,3,1325221.6,17757,69.62
"""Hot Wheels Stunt Show""",4,1322489.57,28493,46.62
Bryan Adams,3,1321323.25,19553,68.14
Colter Wall,9,1310882.1,21118,63.88
María José,1,1272705.1,18873,67.44
"""The Last Five Years""",1,1268435.85,11663,108.76
Jason Derulo,2,1243718.41,14145,87.84
Fito Páez,4,1236878.26,18400,64.09
Chicago,2,1216039.5,13803,78.1
Nmixx,3,1201260.5,11417,106.65
James Arthur,2,1193445.54,15763,76.18
Julieta Venegas,5,1188689.25,17017,63.94
"Tape B, Levity",6,1180927.01,29084,40.84
Brandi Carlile,1,1168909.0,8660,134.98
Jordan Davis,2,1157668.38,17892,64.46
Laufey,2,1120927.16,13581,82.06
Michael Bublé,1,1111995.37,11793,94.29
Koe Wetzel,6,1110802.96,18454,58.51
Mt. Joy,3,1094999.84,20169,58.24
Muse,1,1078965.0,10173,106.06
Snow Strippers,17,1076165.98,32181,32.45
Widespread Panic,1,1062075.0,10024,105.95
PinkPantheress,5,1059371.73,22222,48.31
E-40,1,1057568.35,12911,81.91
Excision,1,1045503.0,14351,72.85
+LIVE+,5,1045016.2,21907,47.44
Elmiene,16,1044544.15,25831,39.86
Ewan McVicar,2,996901.93,14012,71.15
"""Clubland Live""",2,983048.31,14359,67.53
Paulo Londra,2,978753.43,12733,77.98
Duran Duran,1,976223.0,8980,108.71
Paul Simon,1,976118.63,5762,169.41
Chelsea Handler,7,971193.6,13753,71.41
Hi-Standard,1,970812.56,20000,48.54
James Taylor,2,963513.0,4675,206.3
Belle and Sebastian,5,953208.01,15898,57.56
Kraftklub,1,945836.1,9971,94.86
Ken Carson,2,928747.9,15700,59.04
Darius Rucker,2,920898.0,11096,92.92
Molotov,2,911649.93,19112,46.52
Daniel Tosh,7,905008.33,10952,77.49
"John Oliver, Seth Meyers",3,903818.5,7721,117.06
Jason Mraz,6,891610.38,11739,74.32
James,1,889983.29,10823,82.23
Josh Johnson,1,886780.0,13810,64.21
"""Manizales Grita Rock""",1,883365.22,11447,77.17
Laura Pausini,1,866168.01,8919,97.11
Sam Barber,5,853849.79,23017,36.11
Van Morrison,1,852340.73,6908,123.38
Sting,1,845564.75,5873,143.97
Young The Giant,3,844110.08,14407,58.32
Rise Against,7,843925.18,14887,57.0
Matisse,2,840956.63,18565,45.23
Los Fabulosos Cadillacs,1,836823.02,7709,108.55
TV Girl,4,835874.55,14138,61.07
Carlos Vives,1,829821.89,18776,44.2
Train,1,829295.0,14696,56.43
Luke Bryan,1,826578.0,10523,78.55
Dermot Kennedy,1,824494.69,12328,66.88
"""Harry Potter: Visions of Magic""",1,822088.32,10375,79.24
MARINA,1,819127.06,14457,56.66
"""Trinity College Ball""",1,814033.23,7254,112.22
Goo Goo Dolls,2,811850.29,12628,64.68
Siddhartha,2,804391.42,11760,72.39
ITZY,1,796833.2,6402,124.47
Hot Press,1,790414.8,9445,83.69
Natalia LaFourcade,2,774994.79,9863,87.1
Scouting For Girls,10,771342.57,17791,43.32
Bilmuri,4,768575.25,15002,51.49
Walls,1,766472.15,12096,63.37
Stavros Halkias,6,763253.5,13353,53.05
Tori Amos,4,754548.7,8726,85.6
"+LIVE+, Big Wreck",4,747046.89,15162,49.22
Wolfe Tones,1,741557.55,10718,69.19
"""Freely Fest""",1,741198.85,8325,89.03
Lamb of God,4,739623.17,11762,63.8
Eladio Carrión,1,735542.34,13672,53.8
Morgan Jay,4,726574.0,13876,51.81
Ed Maverick,8,726358.24,10410,72.09
Kem,2,720401.0,5602,128.64
Martin Lawrence,2,720223.0,5132,141.74
Sticky Fingers ,9,718741.42,19935,37.59
CMAT,4,713522.85,15398,49.08
Karan Aujla,1,700468.9,10521,66.58
Hatsune Miku,1,697420.02,7960,87.62
O.A.R.,1,697247.0,9470,73.63
Sabor Es Polanco,1,696802.14,7773,89.64
Nothing But Thieves,2,689034.27,11845,58.03
"""HBCU Aware Fest"", Coco Jones, Common",1,684649.0,9880,69.3
Camilo Séptimo,1,679148.13,14458,46.97
Kesha,1,678941.0,8926,76.06
KALEO,2,674862.0,10227,61.94
Djo,3,665724.69,13128,52.92
El Tri,1,663446.44,12907,51.4
Mitski,1,660953.07,8868,74.53
Sarah McLachlan,1,654266.0,6672,98.06
sombr,1,651642.78,13137,49.6
112,3,650798.78,8509,76.08
CORTIS,1,647733.73,5115,126.63
Victor Mendivil,2,644607.15,15921,40.5
Thee Sacred Souls,3,643791.35,13485,48.56
Nate Bargatze,1,643038.5,4883,131.69
Fobia,3,638522.68,11698,54.45
Kaytranada,2,633547.63,7370,84.31
Silvana Estrada,2,629918.88,11495,55.16
Alejandro Fernández,1,618639.0,7182,86.14
Nurse John,2,617608.75,10541,55.22
Matt Mathews,4,617171.41,11807,51.82
Trevor Noah,3,609941.0,8463,72.37
A Boogie Wit Da Hoodie,1,601058.48,5939,101.21
The Kid LAROI,3,600525.33,10596,57.01
The Streets,4,600180.72,8262,72.23
"""Help I Sexted My Boss""",2,594572.99,9416,62.6
Pentatonix,1,586686.16,8380,70.01
Celtas Cortos,2,586022.95,12194,44.83
bbno$,5,584428.24,12863,46.76
Two Friends,1,582379.0,9297,62.64
Black Label Society,4,576641.4,9879,58.12
John Oliver,2,575599.0,5084,113.25
Arly Larivière,1,568221.75,5004,113.55
Alicia Villarreal,2,562317.75,14570,38.6
Alesso,1,543700.0,8278,65.68
Royal Philharmonic Concert Orchestra,1,541709.85,6340,85.44
Puscifer,4,539264.87,7889,66.19
Poppy,5,535852.26,10568,50.4
Frei.Wild,1,534248.23,7692,69.46
Dark Star Orchestra,3,533302.85,11576,45.69
Aymen,1,532047.28,7665,69.41
Metronomy,1,531063.81,5971,88.94
Ali Wong,2,527083.0,6729,77.47
Jimmy Eat World,2,526416.5,8492,62.0
Halsey,1,526017.03,7372,71.35
Lucero,1,520774.35,9339,55.76
Stephen Wilson Jr.,4,518535.35,11918,43.13
Eslabon Armado,2,517790.0,6977,73.09
Kyla Cobbler,11,513693.8,11378,42.81
C-Kan,7,512526.15,11705,52.5
Big Thief,1,504100.12,7281,69.24
"""VACAFEST""",1,503462.0,5892,85.45
Metric,2,501275.04,8466,58.75
Keith Barry,17,492695.05,9207,51.26
Kreator,3,491339.61,7344,67.95
Hermanos Espinoza,1,491076.75,5056,97.13
"""I'm Grand Mam""",6,489603.34,9756,50.01
Simple Plan,2,485184.21,9190,51.92
311,1,485008.0,8108,59.82
SatchVai Band,3,480664.82,5903,81.41
The Fray,3,479060.59,8316,55.79
Harry Styles,1,476917.81,19397,24.59
Rainbow Kitten Surprise,3,467420.39,7889,59.51
Jim Jefferies,3,467227.68,7398,65.76
The 2 Johnnies,2,467146.51,9433,37.66
"""Netflix Is A Joke"", Franco Escamilla",1,463446.2,3691,125.56
Josh Ross,4,460935.09,10037,46.68
Brad Williams,7,458050.0,9935,46.34
Charles Ans,1,454844.59,9385,48.47
Dream Theater,1,451465.01,6055,74.56
Five Finger Death Punch,1,450844.88,5626,80.14
Milo,1,442717.01,7728,57.29
BLAST Premier,1,442010.0,14771,29.92
Derek Hough,2,436966.35,5413,80.64
Chris Tucker,2,435426.5,4971,86.43
Moonspell,1,431551.72,1796,240.28
James Acaster,2,424592.0,8956,47.14
Lauren Spencer Smith,5,422995.54,9525,44.71
Blue Man Group,2,421571.75,5919,68.91
Xavi,3,419498.49,6891,62.79
Diversity,5,416991.87,6194,67.75
Parkway Drive,2,415522.36,3787,109.72
The Rush Tribute Project,15,414753.76,8273,51.19
Deon Cole,2,414244.0,5800,71.42
Hayley Williams,3,406958.97,6474,62.86
Ringo Starr &amp; His All Starr Band,1,403189.44,3737,107.89
LANY,1,401980.35,4638,86.67
Foreigner,1,398685.76,5259,75.81
Dr. Neil deGrasse Tyson,2,398231.42,4885,81.56
fakemink,7,398227.6,12191,33.19
"""Party 101""",1,395563.0,2215,178.58
Grupo Bryndis,2,391131.0,6097,66.64
Jimmy Barnes,1,391090.86,5029,77.77
Bryce Crawford,6,390573.18,8641,44.44
The Human League,2,388269.5,4228,91.84
"""The Lovable Reunion Live""",1,383775.93,3246,118.23
"Steve Martin, Martin Short",1,383698.0,2718,141.17
BOYS LIKE GIRLS,5,383086.31,8030,47.69
Los Ángeles Azules,2,379128.4,5290,76.51
The Last Dinner Party,2,378955.27,6345,56.66
Akaash Singh,1,376114.6,5957,63.14
"Esteman, Daniela Spalla",5,372902.95,10204,39.22
Theresa Caputo,3,371009.9,4128,90.69
Seth Meyers,2,369399.83,5311,69.53
Ben Böhmer,1,366748.41,6209,59.07
John Legend,2,366038.63,2844,129.06
DJ Sara Landry,1,365567.17,5811,62.91
Urzila Carlson,1,364388.18,8754,41.63
Love of Lesbian,5,362002.0,8475,46.43
Akira Yamaoka,6,360937.5,9582,38.48
Anthony Hamilton,1,360282.0,2775,129.83
Jade,4,358224.17,8905,39.72
"Billy Currington, Kip Moore",2,357750.82,5558,63.06
Steve Earle,6,355377.21,5654,64.15
Coral Reefer Band,2,354012.68,5054,79.55
Juliana,1,353985.01,5552,63.76
Jesse Baez,2,353643.45,6198,57.06
Brian Regan,3,353145.58,6640,53.9
Morrissey,1,352687.5,3496,100.88
All Time Low,1,349061.78,5701,61.23
Hippie Sabotage,2,345785.0,6716,44.18
Blue Rodeo,2,344537.32,5478,62.87
Porter,1,338446.65,7783,43.49
MercyMe,1,338361.85,7387,45.81
Buddy Guy,1,335290.2,3535,94.85
Jarlath Regan,4,334333.65,9608,34.95
Lorna Shore,4,333903.74,6731,50.6
The Stray Cats,2,330369.5,3795,86.93
Miguel Mateos,1,330147.25,7978,41.38
Wanda Sykes,2,329502.01,4349,75.22
Tom Keifer,5,328396.4,7458,45.44
"""Vive Chihuahua Fest"", Lamb of God",1,326645.5,4739,68.93
Not For Radio,1,326170.0,4226,77.18
Banda Machos,1,325640.0,3580,90.96
Beto Cuevas,2,321997.24,4101,76.04
Morbid,1,321854.0,5333,60.35
Nothing More,5,321347.29,6995,45.64
"""Not Another D&amp;D Podcast""",1,317049.5,5523,57.41
"""Freestyle Explosion""",1,315634.3,3529,89.44
Stuart Mitchell,2,313823.41,8584,36.56
Franz Ferdinand,3,312355.38,5596,56.37
"Earth, Wind &amp; Fire",2,312036.0,5903,53.14
Musiq Soulchild,1,311111.83,3738,83.23
Super Furry Animals,2,308898.31,5317,58.42
Of Monsters And Men,3,303440.58,5188,58.41
"""Netflix Is A Joke"", ""Bad Friends Podcast""",1,301570.0,4036,74.72
Dierks Bentley,1,299767.39,4441,67.5
Black Jacket Symphony,11,298550.3,8675,36.18
Old Dominion,1,298246.61,4261,69.99
"""Nashville""",1,292669.7,2840,103.05
Zaz,2,285568.1,4218,70.54
Wolf Alice,2,283587.28,8104,35.22
No Te Va Gustar,2,280771.4,4451,61.41
Nimesh Patel,2,279741.7,6003,46.78
Kamala Harris,2,277629.4,3468,82.18
Ustad Rahat Fateh Ali Khan,1,277558.06,3044,91.18
Charley Crockett,2,274327.5,3805,66.08
Goose,1,273964.75,4456,61.48
Godsmack,1,272210.06,4045,67.3
Ricardo O'Farrill,1,269988.45,9097,29.68
Crudo Means Raw,1,269529.0,5419,49.74
"Helloween, Hammerfall",2,269332.0,3465,75.22
"""David Attenborough's Ocean In Concert""",1,265706.57,3337,79.62
Hermanos Gutiérrez,4,265297.6,5094,51.9
La Garfield,1,265020.03,3356,78.97
Marlon Hoffstadt,1,265013.61,4726,56.08
Patrick Miller,1,263620.8,10106,26.09
"""Claypool Gold""",1,262041.03,4636,56.52
The Cardigans,1,260518.72,6596,39.5
Parcels,1,259374.9,4866,53.3
Trey Kennedy,4,256830.24,5519,46.73
Kaiser Chiefs,2,256765.43,4200,61.12
Hugel,2,255667.58,3588,72.62
Jessie J,2,255603.96,3854,61.72
Patrick Watson,2,253320.28,6058,41.82
Rene Vaca,3,252005.75,4805,53.58
Warren Zeiders,2,250148.84,5243,47.05
Queens of The Stone Age,1,249405.5,2719,91.73
Good Kid,4,248347.0,7197,34.68
KC &amp; The Sunshine Band,2,247627.0,3052,80.97
Ashnikko,3,246700.52,5754,42.72
José María Napoleón,2,244935.5,3328,74.41
Turnpike Troubadours,1,243685.0,3554,68.57
Basement Jaxx,2,243405.7,2874,84.53
"Nothing More, Catch Your Breath",3,242778.5,5643,44.06
Vilma Palma e Vampiros,1,242641.01,4448,54.55
Houndmouth,3,238653.0,5433,41.15
Rosario,1,235936.0,2980,79.17
Masayoshi Takanaka,2,235141.0,3931,59.82
Celtic Woman,4,234390.84,4051,58.14
Amon Amarth,1,233954.39,3851,60.75
Midnight Generation,2,232344.49,5637,49.2
Bert Kreischer,1,231066.0,2793,82.73
October London,1,230821.0,2900,79.59
Lord Huron,1,230206.0,4386,52.49
Ray LaMontagne,1,228477.48,2821,80.99
"""Sideshow Lolla"", Interpol",1,227819.7,4511,50.5
Sons of Legion,9,225664.79,7546,30.52
Woodz,1,223973.1,1835,122.06
Backyard Band,1,223791.0,2702,82.82
Ron White,2,221974.0,2906,76.48
Mariachazo,1,220580.0,2121,104.0
Royal Philharmonic Orchestra,1,218707.5,2254,97.03
El Gran Silencio,1,218423.48,4236,51.56
"""The Fast Show""",3,218346.17,4187,51.63
Christopher Cross,2,215284.0,2837,71.1
"""Rivalry Showdown""",1,212901.0,5788,36.78
Matteo Lane,1,212424.06,3543,59.96
Skye Newman,2,212001.42,5536,38.15
Needtobreathe,2,210693.2,3169,66.56
Hasan Minhaj,2,209860.25,3474,60.47
Dance Gavin Dance,3,209669.23,4253,49.06
Nate Smith ,3,204919.5,6834,29.37
Toto,1,203908.0,2578,79.1
The Charlatans UK,2,203885.65,3761,54.19
Feid,1,202938.75,2425,83.69
Jodeci,1,202054.0,2211,91.39
Get The Led Out,3,201828.47,5118,40.33
Lenny Pearce,4,201644.23,5246,38.66
Tye Tribbett,1,201154.0,2900,69.36
George Thorogood &amp; The Destroyers,2,198879.64,3232,60.91
The Hives,1,196882.52,2014,97.76
Noochie,1,196589.0,2900,67.79
Ole 60,2,195434.5,5526,35.36
Yung Beef,1,195425.43,5818,33.59
Jason Isbell,2,195402.17,2531,75.88
Kraftwerk,1,193128.56,1815,106.41
Willie Nelson,1,190350.0,3000,63.45
"""Sideshow Lolla"", Djo",1,189136.41,4438,42.62
"La Fiera De Ojinaga, ""Vive Chihuahua Fest""",1,188319.0,1811,103.99
"""Crazy Ex-Girlfriend: The 10 (ish) Year Reunion Concert""",1,186776.25,3016,61.93
Sam Harris,1,185776.7,2059,90.23
Cooper Alan,4,185484.32,4898,37.55
Mika,1,184765.0,3578,51.64
Amble,2,184588.4,3884,47.53
Roberto Tapia,1,183456.75,2530,72.51
LYKN,1,183424.02,3086,59.44
Metalocalypse: Dethklok,1,183296.46,3302,55.51
Jo Koy,1,181925.0,1882,96.67
"The Temptations, The Four Tops",1,181242.0,2310,78.46
Hannah Berner,1,181236.3,3519,51.5
The Warning,1,181091.0,3552,50.98
J.I.D.,2,180485.85,3774,47.88
"""Stuff You Should Know""",3,179236.39,3236,55.15
Hakuna Group Music,1,178956.28,8000,22.37
Trombone Shorty &amp; Orleans Avenue,1,178739.0,3548,50.38
Tim Allen,1,178373.0,1981,90.04
Flatland Cavalry,2,177283.25,5046,35.39
Black Veil Brides,2,177166.13,3882,45.24
Jesse Welles,2,176825.0,4724,37.46
"Levity, Tape B",1,176477.0,3863,45.68
Spite,8,174758.5,6165,28.44
"""Talking Sopranos"" Podcast",1,174225.0,1796,97.01
Dita Von Teese,1,172792.49,2035,84.91
Max McNown,2,172764.23,4647,38.14
Jeff Dunham,1,172592.0,1510,114.3
Zakir Khan,1,169925.0,2563,66.3
Bobby Lee,1,169065.63,3411,49.56
Dropout Improv,1,169024.0,2588,65.31
The Midnight,2,168523.24,3128,53.41
Russell Dickerson,1,168020.7,3230,52.02
Machine Girl,5,166262.56,5269,31.5
Suede,1,164073.04,2776,59.1
The Growlers,2,163970.11,3564,47.89
Kenny Wayne Shepherd,2,163007.26,2290,70.97
Russell Peters,2,162028.0,2279,70.9
Dayseeker,2,160832.68,4386,36.32
Chevelle,1,160280.0,2708,59.19
Sigrid,2,160137.34,3008,52.95
Big K.R.I.T.,6,158914.25,5179,30.48
"Boy George, Culture Club",1,158409.0,2166,73.13
"Dethklok, Amon Amarth",1,157421.0,2432,64.73
Bush,1,156909.0,2639,59.46
The Breeders,1,156755.0,3314,47.3
Dani Martín,1,156452.39,2685,58.27
Jumbo,2,153988.1,3997,38.7
Devo,1,153977.0,2001,76.95
Passion Pit,1,153785.0,3632,42.34
"""The Monk"" By Rex Ryan",1,151627.49,3536,42.88
Lupe Fiasco,1,150765.0,3561,42.34
Jason Bonham’s Led Zeppelin Evening,2,150691.56,2391,61.4
Tash Sultana,1,149566.0,2927,51.1
Zarna Garg,1,148941.28,2775,53.67
Jools Holland &amp; His Rhythm &amp; Blues Orchestra,1,148287.46,1916,77.39
Drew &amp; Ellie Holcomb,2,145468.98,3002,48.49
James Morrison,1,144896.58,1966,73.7
"""The Price Is Right - Live""",2,143988.02,3556,40.49
Trampled By Turtles,1,143238.05,2276,62.93
"""The Dirty Dancing Concert Tour""",3,142793.3,3076,49.57
Grupo Niche,1,142480.1,2200,64.76
Laszewo,1,142369.0,3600,39.55
Michelle Buteau,2,142033.86,2843,50.39
David and Tamela Mann,1,141920.0,2038,69.64
Neil Delamere,2,141369.92,3577,39.44
Skrillex,1,141082.66,2461,57.33
"Wale, Smino",1,140091.0,2388,58.66
"""Gabby's Dollhouse Live""",2,138699.8,2869,48.66
Gavin James,2,138444.57,2544,53.64
Sleaford Mods,2,138283.73,3443,40.52
BRESH,1,137525.0,3700,37.17
The Royston Club,2,137452.79,3732,36.23
Royel Otis,2,136497.09,3218,42.56
"""Detroit Gospel Legends""",1,135903.0,1486,91.46
Tucker Wetmore,2,135753.39,2431,55.3
"Shine, Shine",1,135247.41,1599,84.58
Raf-Saperra,3,132611.8,3533,34.63
Cavetown,2,132435.44,2973,44.68
"""Netflix Is A Joke"", ""Pardon My Take"" Podcast",1,132129.7,1852,71.34
Gary Owen,1,132092.5,2175,60.73
Jesse &amp; Joy,1,131467.0,1980,66.4
Meme,1,131012.24,3048,42.98
Dire Straits Experience feat. Chris White,3,129928.44,2295,56.07
Twinsick,1,129240.0,3584,36.06
Jefferson Starship,2,128492.0,2862,48.34
I See Stars,8,128471.27,5026,25.6
"""Anthony Pettis Fighting Championship""",1,128243.91,2379,53.91
Travis Tritt,1,127327.0,2515,50.63
Kaydy Cain,1,126433.95,3793,33.33
Dominguinho,1,126396.2,2445,51.7
Brit Floyd,2,126104.5,2322,53.74
Leon Thomas,2,125703.44,2338,55.38
Chet Faker,1,125554.0,3107,40.41
Hasan Raheem,3,125241.68,3677,32.82
The Twilight Sad,1,125234.43,3086,40.58
Francis Rossi,6,124864.29,1598,82.54
Matteo Bocelli,1,124418.65,2694,46.18
BADBADNOTGOOD,2,123983.46,2145,57.8
Yellowcard,1,123806.18,2496,49.6
Khamari,3,123502.85,2651,43.66
Tesla,1,123343.0,1407,87.66
Descendents,2,122950.0,2826,42.71
BossMan Dlow,2,122154.14,2795,43.7
The Phil Collins Story,3,122092.0,2722,44.27
The Divine Comedy,1,121576.36,1892,64.26
Audien,1,120980.0,2862,42.27
Chris Isaak,1,120182.0,1856,64.75
Nach,2,120041.56,2374,51.8
Herbie Hancock,1,119462.66,1466,81.49
Cameron Whitcomb,2,118798.65,3418,36.28
"Flyleaf, Lacey Sturm",1,117651.5,2425,48.52
Kodaline,1,117461.29,1619,72.55
Evan Honer,4,116111.52,4304,26.98
Joe Russo's Almost Dead,1,115422.0,2205,52.35
Pour Minds,2,115306.95,1753,64.12
"""LOL Podcast Live""",1,114608.25,1234,92.88
Band Of Horses,2,113992.5,2543,44.16
Bunnie XO,1,113610.11,1313,86.53
Oliver Tree,1,113573.19,2355,48.23
"""Stardew Valley: Symphony of Seasons""",1,113422.65,2019,56.18
Rodrigo y Gabriela,1,112639.6,1783,63.17
Kevin Langue,1,111825.5,2579,43.36
Sooshi Mango,4,111420.97,3090,35.39
Leonid &amp; Friends,1,111209.0,1810,61.44
"""Reggae Fest Blaze""",1,111175.0,2423,45.88
Ben Portsmouth,2,110682.71,1969,56.24
Mike Sherm,1,110047.0,2786,39.5
MANIA - The ABBA Tribute	,4,109458.1,2272,50.26
The Billy Joel Songbook,3,109051.02,2169,49.47
Daniela Spalla,1,108558.19,2470,43.95
Night Ranger,1,108251.0,1902,56.91
Jinjer,2,107578.17,2221,47.24
So Good! The Neil Diamond Experience,2,106862.0,2189,49.05
Darcy &amp; Jer,3,106812.82,2749,38.66
Cat Burns,1,105150.84,2140,49.14
Maria Daniela y su Sondio Lasser,1,104242.38,3056,34.11
"""Festival International de Jazz De Montreal"", CA7RIEL &amp; Paco Amoroso",1,104085.87,2176,47.83
Maddox Batson,3,103761.07,2560,41.56
Gene,2,103519.07,1962,52.22
Maximo Park,1,103294.4,2274,45.42
Los Rumberos,1,101893.29,2630,38.74
Bersuit Vergarabat,1,101794.25,2832,35.94
Joyce Manor,2,101127.1,2932,34.11
Los Bunkers,1,100592.42,1852,54.32
Bruses,1,100539.62,2216,45.37
Bruce Bruce,1,100509.0,1814,55.41
"""Sideshow Lolla"", MARINA",1,99578.6,2105,47.31
DeRay Davis,1,99464.0,1912,52.02
Hudson Westbrook,1,99172.0,2461,40.3
Shaggy,1,98680.3,1994,49.49
BOYZLIFE feat. Brian McFadden and Keith Duffy,2,96196.14,1811,54.66
Gary Allan,1,95919.0,1211,79.21
The Bronx,1,95401.21,1744,54.7
Bianca Del Rio,1,94675.0,1576,60.07
KWN,1,94311.89,1687,55.91
The String Cheese Incident,1,94262.16,2042,46.16
Aaron Lewis &amp; The Stateliners,1,93641.0,1043,89.78
HONNE,1,93068.0,1524,61.07
Bloodywood,4,92718.5,2987,31.8
Bridget Everett,1,92469.85,1300,71.13
Brett Young,1,92050.63,1836,50.14
The Fab Four - The Ultimate Tribute,2,91993.9,1825,50.18
Bill Bellamy,1,91963.0,1671,55.03
White Lies,2,91674.64,2150,42.97
Isaiah Rashad,1,90098.0,3788,23.79
Stayin' Alive - The Ultimate Trib. to Bee Gees,2,89945.5,1683,54.55
Michael Blaustein,1,89864.48,1904,47.2
Odeal,2,89243.4,1970,44.3
"Kim Mitchell, David Wilcox",1,89110.88,1786,49.89
Avatar,2,88526.86,2294,38.06
"""Comedy Bang! Bang!""",1,88069.85,1526,57.71
Del Water Gap,2,86956.98,2575,33.89
Iration,1,86762.0,2438,35.59
Joe Jackson,1,86684.5,1379,62.86
Nathan Carter,2,85977.1,1409,60.78
Wooli,2,85783.0,2646,32.44
Shane Todd,1,85477.52,2338,36.56
Matt Maeson,2,84983.15,2431,34.44
Carly Pearce,1,84848.68,1520,55.82
She Wants Revenge,1,84775.0,2300,36.86
Ruston Kelly,1,83533.73,2155,38.76
BoDeans,2,83118.0,1857,43.72
Arthur Hill,1,82467.51,1966,41.95
Ninja Sex Party,1,81449.76,1539,52.92
Bob Moses,1,80946.45,1754,46.15
The Runarounds,3,80411.0,2597,29.39
Crankdat,1,79874.0,1931,41.36
Badflower,2,79542.0,2080,38.25
Ichiko Aoba,2,78655.34,1687,46.58
2hollis,1,78494.0,1636,47.98
"""Batalla de Campeones: La invasión""",1,78465.74,1857,42.25
Dijon,1,78007.48,1611,48.42
Leslie Jones,1,77731.84,1162,66.89
Eliades Ochoa,2,77687.36,2183,38.96
Rob Schneider,1,77569.0,1396,55.57
Splean,1,77396.55,737,105.02
Lucy Darling,1,77358.91,1268,61.01
Skillet,1,77350.0,1500,51.57
Sammy Virji,1,77324.2,1900,40.7
Dethklok,1,76373.0,1426,53.56
Tab Benoit,3,75795.5,1624,47.02
Dude Dad ,2,74703.5,1837,42.62
Taking Back Sunday,1,73780.0,1827,40.38
Dropkick Murphys,1,73650.0,1500,49.1
Greensky Bluegrass,1,72851.0,1832,39.77
moe.,1,72631.0,1659,43.78
Halestorm,1,72518.9,1436,50.5
Niko Moon,2,72348.5,2232,32.56
Monaleo,1,72273.5,2142,33.74
July Talk,2,72137.93,2146,33.67
Zara Larsson,1,71930.0,1740,41.34
Jake Owen,1,70598.0,1088,64.89
Audrey Hobert,1,70264.02,1601,43.89
Danny Brown,2,70161.03,1578,44.34
"""The Offload"" Podcast",3,69716.54,1499,46.5
What's Love Got To Do With It - Tina Turner Tribute,1,68073.44,1399,48.66
Gov't Mule,2,67669.5,1193,56.73
Lucinda Williams,1,67531.32,797,84.73
Atsuko Okatsuka,1,67211.99,1186,56.67
xaviersobased,1,67134.5,1317,50.98
Dean Lewis,1,66975.36,1795,37.31
Garth Marenghi,3,66961.49,1618,41.59
Nate Jackson,1,66799.5,1469,45.47
Geese,1,66695.03,1900,35.1
Paris Paloma,1,66220.69,1307,50.67
"""Shxtsngigs""",1,65493.43,1116,58.69
Todd Rundgren,1,65190.5,779,83.68
Myles Smith,1,65130.5,1505,43.28
Charles Wesley Godwin,1,64810.0,1496,43.32
Courtney Barnett,1,64713.0,1776,36.44
Mammoth,2,63988.95,1582,41.25
The Phil Collins Experience,1,63653.5,1790,35.56
Ruel,2,63366.69,1482,43.28
Peaches,2,63239.95,1539,41.3
"""King Tut's New Year's Revolution""",17,63232.66,3546,17.8
EDEN,2,63134.49,1366,43.32
Baxter Dury,1,63120.4,1122,56.26
Depresión Sonora,2,62925.62,1600,42.04
Beverley Knight,1,62872.94,952,66.04
Blood Orange ,1,62606.24,1249,50.13
Clutch,1,62500.0,1500,41.67
Australia's Thunder From Down Under,1,62433.89,1101,56.71
"""Totally Tubular Festival""",1,62300.0,942,66.14
Sleeping With Sirens,1,62244.0,1740,35.77
Daniel Sloss,1,61995.3,1401,44.25
Sienna Spiro,1,61979.54,1601,38.71
"""Heated Rivalry Rave""",3,61890.0,2535,24.8
Buckethead,3,61794.5,1553,39.72
Voyage - Celebrating the Music of Journey,1,61689.25,1778,34.7
Tom Morello,1,61167.09,1010,60.56
"Descendents, Frank Turner &amp; The Sleeping Souls",1,60883.5,1249,48.75
Waterparks,2,60717.04,1512,40.28
Connor Price,1,60595.0,1715,35.33
"""Reggaeton Rave""",2,60573.5,3796,15.91
Dylan Scott,1,60529.08,1383,43.77
Highly Suspect,1,60285.5,1438,41.92
Leisure,2,60227.8,1735,34.89
The Maine,1,59507.0,1453,40.95
"""Murder Trial Tonight""",1,59376.63,967,61.4
hannah bahng,2,59323.66,926,65.54
"Tab Benoit, Samantha Fish",1,59291.6,1357,43.69
Margaret Cho,1,59250.5,1401,42.29
"""Out With The Buckleys""",1,58969.91,1229,47.98
Multunes,1,58612.36,1251,46.85
Em Beihold,4,58087.26,2171,27.03
Aminé,1,57877.71,1104,52.43
Jason Byrne,1,57854.49,1192,48.54
Sal Vulcano,1,57470.48,890,64.57
Two Feet,3,57214.0,1758,31.79
Chance Peña,1,56836.78,1564,36.34
Janelle James,1,56714.0,1109,51.14
Waylon Wyatt,2,56464.0,1998,28.46
The Afghan Whigs,1,56347.54,1233,45.7
Braxton Keith,2,56317.0,2001,28.03
Henry Moodie,2,56254.3,1737,32.62
Terry Fator,1,56230.0,1088,51.68
The Sheepdogs,1,55811.05,1600,34.88
Aoife Dunne,1,55535.13,1236,44.93
ZHU,1,55402.24,1116,49.64
Bassem Youssef,1,55223.0,1163,47.48
Tommy Emmanuel,1,54921.0,972,56.5
The Paper Kites,2,54829.15,1603,34.16
The Wallflowers,1,54648.5,1104,49.5
Miles Kane,1,54611.26,1142,47.82
Girls Overheard,1,54099.66,952,56.83
Andrew Dice Clay,1,53826.76,725,74.24
Saint Motel,1,53516.13,1544,34.66
John Cusack,1,53214.5,966,55.09
Ben Folds,1,53033.0,910,58.28
Just Mustard,2,52789.12,1655,30.13
Bad Suns,5,52687.95,1981,26.59
Mark Mehigan,1,52550.45,1228,42.79
Conor Moore,1,52490.66,1102,47.63
JMSN,2,51714.5,1777,29.11
Brad Cox,1,51677.94,1077,47.98
Kula Shaker,1,50752.37,1061,47.83
Teen Jesus And The Jean Teasers,1,50653.34,1446,35.03
Mark McCabe,1,50542.21,910,55.54
La Dispute,2,50526.96,1600,31.27
These Charming Men ,1,50429.14,1514,33.31
Mary Coughlan,1,50386.85,1006,50.09
BENEE,2,50135.0,1795,27.92
Iliza Shlesinger,1,49882.92,779,64.03
"Brutalismus 3000, Six Sex",1,49837.3,1125,44.3
Sheng Wang,1,49762.25,946,52.6
Chelcie Lynn,1,49650.0,1430,34.72
Deirdre O'Kane,1,49409.68,1236,39.98
Role Model,1,49187.0,967,50.87
Say She She,2,48642.0,1449,33.86
Superheaven,2,48641.95,1303,36.1
Pecos &amp; The Rooftops,4,48531.2,1901,25.68
Keo,2,48480.06,1953,25.32
Club 90,2,47730.0,2004,24.27
Holly Humberstone,1,47377.11,1253,37.81
Endless Love - A Tribute to Diana Ross and Lionel Richie,3,47133.74,1065,44.64
Laura Ramoso,1,46953.66,1228,38.24
Esteman,1,46897.02,1200,39.08
St. Paul &amp; The Broken Bones,1,46696.0,1391,33.57
Earl Sweatshirt,1,46032.02,847,54.35
Avery Anna,2,45729.0,1687,26.56
Margo Price,2,45600.0,1460,30.46
Freddie Gibbs,1,45413.5,1214,37.41
"Five For Fighting, Edwin McCain",2,45362.8,1129,40.15
The Strumbellas,3,45278.79,1588,28.95
"""Sideshow Lolla"", TV Girl",1,45253.02,1062,42.61
Billy Reekie,3,45180.87,1943,21.67
Soulja Boy,2,44921.0,1484,30.2
Brooke Combe,2,44883.34,1499,30.36
Ardal O'Hanlon,1,44820.33,1211,37.01
Mountain Grass Unit,1,43633.2,1516,28.78
"""Rock Against Homelessness""",1,43554.46,855,50.94
Zainab Johnson,1,43050.0,1100,39.14
Leigh-Anne,2,42998.21,1193,36.04
Luck Ra,1,42966.85,1033,41.59
Oh Wonder,1,42733.0,866,49.35
Umphrey's McGee,1,42119.0,995,42.33
Panchiko,1,42060.5,1421,29.6
"""Winnipeg Folk Festival Concert Series"", Matt Berninger",1,41942.72,1259,33.31
Tim Hicks,2,41272.48,999,41.3
Ron Sexsmith,4,40992.19,755,52.09
Mastodon,1,40904.0,1464,27.94
Picture This,1,40880.7,878,46.56
Stephen Sanchez,1,40707.95,1198,33.98
Maddie &amp; Tae,1,40561.0,1177,34.46
Charlie Berens,1,40552.58,742,54.65
Goldfinger,1,40455.5,943,42.9
New Found Glory,1,40392.0,1025,39.41
Becky Robinson,1,39916.5,807,49.46
Motion City Soundtrack,1,39911.0,864,46.19
Joey Valence &amp; Brae,1,39908.17,1125,35.47
Rob Anderson,2,39817.7,913,45.89
Sherri Shepherd,1,39812.25,634,62.8
Devendra Banhart,1,39778.19,713,55.79
Enter Shikari,1,39442.36,725,54.4
JJ Grey &amp; Mofro,1,39408.0,779,50.59
Serena Terry,1,39377.03,1042,37.79
Matt Berninger,1,39340.2,991,39.7
Cam,1,39248.92,961,40.84
Eddie Griffin,1,39222.64,838,46.81
Paula Poundstone,1,39205.0,487,80.5
The Feeling,2,39122.52,918,40.74
Wyatt Flores,1,39040.57,1404,27.81
Memphis May Fire,1,39000.0,1200,32.5
Diego Torres,1,38962.75,1020,38.2
Yächtley Crëw,1,38912.8,1329,29.28
Justin Furstenfeld,1,38665.0,484,79.89
Marc Maron,1,38438.0,772,49.79
Sabrina Claudio,1,38350.0,1020,37.6
Men I Trust,1,37820.93,881,42.93
Balu Brigada,2,37535.15,1746,21.54
Unknown Mortal Orchestra,1,37469.08,950,39.44
Jim Breuer,1,37402.11,574,65.16
Mike Wozniak,1,37183.05,1107,33.59
The Brook &amp; The Bluff,1,36793.0,1581,23.27
Brògeal,2,36767.12,1381,26.74
"BOYS LIKE GIRLS, Arrows In Action",1,36429.96,833,43.73
Rianne Downey,4,36332.72,1298,27.94
"Black Country, New Road",1,36282.0,1072,33.85
The Wonder Years,1,36124.25,978,36.94
HANABIE.,1,35967.99,993,36.22
Naomi Watanabe,2,35924.19,688,52.62
Sister Hazel,1,35906.64,1151,31.2
The Academic,1,35795.41,1251,28.61
Gutarricadelafuente,1,35599.2,840,42.38
Paradise Lost,1,35556.01,850,41.83
Bic Runga,1,35024.12,827,42.35
Jared Freid,1,34966.5,907,38.55
Yami Safdie,1,34829.6,1088,32.01
Paco Versailles,2,34706.26,1010,34.36
Old Crow Medicine Show,1,34578.0,761,45.44
Arankai,5,34195.0,1747,19.54
Ruslan Beliy,1,34090.47,434,78.55
Dire Straits Experience,1,33793.93,621,54.42
Iza Tkm,1,33780.91,983,34.37
"""Sideshow Lolla"", Viagra Boys",1,33249.36,702,47.36
"""Sideshow Lolla"", Men I Trust",1,33198.75,701,47.36
John Butler ,1,33095.5,663,49.92
The Urge,1,32635.0,864,37.77
Dillstradamus,2,32589.49,985,32.58
Cammy Barnes,4,32328.39,1188,27.1
glaive,2,32290.26,1120,28.9
Hanumankind,1,31835.0,789,40.35
Matt McCusker,1,31807.3,625,50.89
The 502s,1,31776.77,1033,30.76
Gabrielle Aplin,2,31773.54,950,33.32
Soen,1,31768.28,947,33.55
Slacker University,2,31640.0,1311,24.04
Fly By Midnight,3,31353.63,950,29.15
Jacob Banks,1,31122.2,987,31.53
The Laurie Berkner Band,1,31045.0,606,51.23
The Trews,1,30677.72,1093,28.07
Juvenile,1,30428.5,839,36.27
Level Up,1,30348.7,933,32.53
GWAR,1,30258.0,811,37.31
Trevor Wallace,1,30180.0,732,41.23
Psychedelic Porn Crumpets,1,30136.94,967,31.17
Café Del Mundo,1,30029.07,582,51.6
Judeline,1,29923.81,698,42.87
Lucy Spraggan,3,29866.02,800,37.33
"""Slacker University 2000's Dance Party""",1,29742.0,1404,21.18
Hot Mulligan,1,29719.12,850,34.96
Clara La San,1,29715.91,1000,29.72
Violent Vira,2,28712.0,1170,24.46
Maca &amp; Gero,1,28623.9,929,30.81
Kadavar,1,28616.79,1386,20.65
Jonathan Van Ness,1,28387.5,911,31.16
Big Special,2,28234.3,950,29.68
Sylosis,1,28224.71,672,42.0
Alex Elle,1,28090.0,386,72.77
La Vela Puerca,1,27836.37,747,37.26
"""The Useless Hotline""",1,27767.66,656,42.33
Beluga Lagoon,1,27475.92,850,32.32
Breathe,1,27403.34,676,40.54
Bleed From Within,1,27276.18,650,41.96
Six Sex,1,27084.68,892,30.36
Bryce Vine,2,27002.0,696,39.04
"""Sideshow Lolla"", Royel Otis",1,26953.7,629,42.85
Haute &amp; Freddy,1,26952.0,942,28.61
Tom Papa,1,26944.61,438,61.52
Luka Šulic,1,26875.38,472,56.94
Nathan Evans &amp; St Phnx Band	,1,26861.43,900,29.85
Don Was,1,26541.5,615,43.16
PRESIDENT,1,26289.65,846,31.08
Wage War,1,26164.0,616,42.47
"""The Road To The Great Escape""",7,26090.34,1279,22.06
Arm's Length,1,25851.38,862,29.99
Punch Brothers,1,25665.84,596,43.06
Bella Kay,1,25250.98,840,30.06
Maggie Lindemann,1,25072.49,466,53.8
The Devil Wears Prada,1,24990.06,831,30.07
The Scratch,1,24948.38,1000,24.95
Zachariah Porter,1,24913.0,581,42.88
"""Heated Rivalry Night""",1,24888.0,864,28.81
Horseshoes &amp; Hand Grenades,1,24755.0,827,29.93
Too Many Zooz,1,24733.0,894,27.67
December 10,1,24691.03,1201,20.56
Shane Smith &amp; The Saints,1,24589.0,786,31.28
"""idobi Radio Summer School""",1,24572.8,750,32.76
Carolina Durante,1,24502.93,836,29.31
Napalm Death,1,24487.61,518,47.27
Alestorm,1,24245.24,829,29.25
Jombriel,1,24205.0,647,37.41
Aaron Rowe,1,23985.55,787,30.48
Tinlicker,1,23609.08,631,37.42
LosPetitFellas,1,23606.54,749,31.52
Sam Jay,1,23406.0,372,62.92
Thrice,1,23323.6,542,43.03
Orbit Culture,1,23318.31,796,29.29
"""The Sixties Show""",1,23240.5,531,43.77
Asim Azhar,1,23108.42,710,32.55
David The Medium,1,23050.79,454,50.77
Casey Donahew,1,22951.0,653,35.15
Adam Kay,1,22933.72,578,39.68
Blackberry Smoke,1,22793.15,722,31.57
Ben Walker,2,22772.09,938,24.28
Paleface Swiss,1,22753.58,540,42.14
Enjambre,1,22565.0,500,45.13
LA LOM,2,22431.7,741,29.64
BHAVI,1,22229.28,660,33.68
Armchair Boogie,2,22186.0,1033,21.58
Buffalo Traffic Jam,2,22160.0,1145,18.81
Curren$y,1,22092.5,612,36.1
"""The Square Ball"" Podcast",1,22009.94,586,37.56
Clinton Baptiste,1,21925.64,540,40.6
Maanu,3,21810.0,829,26.27
Lucy Rose,1,21802.35,538,40.52
Heather McMahan,1,21784.0,312,69.82
Nasa Histoires,1,21658.47,603,35.92
"The Floozies, Too Many Zooz",1,21458.0,711,30.18
"""I Love R&amp;B""",1,21300.0,591,36.04
bixby,2,21092.33,1200,17.58
Neko Case,1,21035.87,524,40.14
Billy Ocean,1,20849.21,197,105.83
Seb Lowe,3,20809.82,1099,18.92
Jade LeMac,1,20590.22,693,29.71
"Crowbar, Eyehategod",1,20561.0,739,27.82
"""idobi Radio Summer School"", Honey Revenge",1,20544.6,612,33.57
ISMO,1,20421.5,473,43.17
Good Neighbours,1,20203.75,606,33.34
Iron &amp; Wine,1,20111.52,488,41.21
Hit The Lights,2,20037.82,710,28.1
Crowbar,1,19970.45,500,39.94
Matt Friend,1,19937.89,339,58.81
All That Remains,1,19877.0,616,32.27
The Elovaters,1,19772.0,600,32.95
Gravity,1,19768.78,261,75.74
"""13 Again"" Podcast",1,19714.06,497,39.67
Larry Fleet,1,19712.0,390,50.54
Mario Adrion,1,19709.82,573,34.4
Vitamin String Quartet,1,19587.5,519,37.74
ERNEST,1,19368.0,572,33.86
God Is An Astronaut,1,19265.23,503,38.3
Last Dinosaurs,2,18594.0,772,24.22
INZO,1,18570.0,610,30.44
CupcakKe,1,18562.5,675,27.5
"Mosca, Kapanga",1,18499.14,970,19.07
"""Work It! A 90's &amp; 2000's R&amp;B &amp; Hip Hop Party""",2,18481.72,876,20.26
The Black Angels,1,18472.0,600,30.79
Sudan Archives,1,18472.0,600,30.79
Tyler Hilton,1,18293.25,494,37.03
grandson,1,18198.82,777,23.42
The Happy Fits,1,18180.0,600,30.3
Kyle Falconer,1,18083.93,600,30.14
Janeane Garofalo,1,17845.5,422,42.29
KOJAQUE,2,17493.54,540,32.39
Fortune Feimster,2,17451.61,398,43.77
jigitz,2,17426.5,575,29.98
"""The Emo Night Tour""",1,17350.5,875,19.83
Yahir y Chucho Rivas,1,17333.62,576,30.09
Pigeons Playing Ping Pong,1,17187.0,627,27.41
Chinchilla,2,17031.24,657,26.54
The Antlers,2,16857.62,511,33.06
Magnolia Park,1,16852.0,600,28.09
Heaven Shall Burn,1,16793.97,364,46.14
Johnnie Guilbert,2,16791.77,540,31.64
Pradabagshawty,2,16605.0,730,23.25
Andy Hull,1,16456.0,608,27.07
The Man In Black: A Tribute to Johnny Cash,1,16383.6,532,30.8
Melvin Seals &amp; JGB,1,16357.0,349,46.87
Lewis Doyle Singer,1,16258.86,500,32.52
Ryan Long,1,16214.47,482,33.64
Steve Cradock,1,16087.36,354,45.44
Marcus &amp; Martinus,1,16035.46,316,50.75
David Michael Wyatt,1,15980.0,377,42.39
Frankie Quinones,1,15955.0,452,35.3
Demon Hunter,1,15876.0,572,27.76
Saturdays at Your Place,2,15774.8,661,23.56
Dev Lemons,3,15564.0,773,20.13
Dirtwire,1,15507.0,591,26.24
PeelingFlesh,1,15491.0,600,25.82
Rod Tuffcurls And The Bench Press,1,15422.0,600,25.7
Kishi Bashi,1,15392.0,600,25.65
Meredith Marks,1,15319.0,440,34.82
Asha Banks,1,15301.94,455,33.63
GOB,1,15279.28,584,26.16
What The Dance Presents: NDVST: Perreo Bowl,1,15050.0,672,22.4
Boy &amp; Bear,1,14852.87,409,36.32
Jiaoying Summers,1,14851.42,387,38.38
"""Gasolina Dance Party""",1,14667.2,704,20.83
Ashley Gavin,1,14605.9,433,33.73
Joshua Burnside,1,14243.29,600,23.74
Manic Focus,1,14162.0,392,36.13
Sebastian Bach,1,13750.0,388,35.44
Don Was &amp; The Pan-Detroit Ensemble,1,13730.0,318,43.18
The Blue Stones,1,13672.21,486,28.13
Jonah Kagen,1,13568.0,600,22.61
Jacob Alon,1,13555.04,500,27.11
Lacuna Coil,1,13529.67,480,28.19
Madison Cunningham,1,13519.62,438,30.87
Hamish Hawk,1,13497.65,330,40.9
John Cameron Mitchell,1,13484.17,361,37.35
Sploinky Rave,2,13415.0,666,19.88
Shelly Belly,2,13392.2,469,28.4
Scott Bennett,1,13361.56,439,30.44
Chameleons,2,13287.51,344,38.3
Reverend Horton Heat,1,13262.0,446,29.74
Peter McPoland,1,13216.0,509,25.96
What The Sound,4,13194.0,630,20.88
Blackbraid,1,13184.02,334,39.47
Sleeper,1,13165.48,297,44.33
Marlon Williams,1,13084.99,389,33.64
Sam Gellaitry,1,12955.22,484,26.77
Elles Bailey,1,12923.01,385,33.57
Built To Spill,1,12865.0,359,35.84
Majo Rivas,1,12841.75,552,23.26
"""Hot In Herre 2000's Dance Party""",1,12820.0,675,18.99
Left To Suffer,2,12795.0,613,20.84
Penelope Road,2,12762.0,583,21.78
Esprit D'Air,1,12645.63,428,29.55
Chewie,1,12635.87,379,33.34
The Southern River Band,1,12603.54,500,25.21
Flawed Mangoes,1,12550.0,481,26.09
Newton Faulkner,1,12457.35,344,36.21
The New Pornographers,1,12406.97,329,37.71
Yung Bleu,1,12395.0,392,31.62
Remy Bond,1,12364.84,466,26.53
Citizen Soldier,1,12267.5,403,30.44
redveil,1,12195.0,436,27.97
Willow Avalon,1,12189.08,382,31.91
Cat Power,1,12185.0,299,40.75
Samm Henshaw,1,12090.0,382,31.65
Bayou,1,11920.0,447,26.67
Lights,1,11912.0,421,28.29
Carsie Blanton,1,11905.0,400,29.76
"""United We Dance: The Ultimate Rave Experience""",2,11849.0,584,20.11
Golden Era Rave,1,11832.0,415,28.51
Mack Keane,2,11790.0,589,20.02
The Boxer Rebellion,1,11681.66,335,34.87
Smash Into Pieces,1,11670.49,381,30.63
Whitney,1,11652.81,373,31.24
Timecop1983,1,11560.0,418,27.66
Congress The Band,1,11525.0,550,20.95
Ty Segall,1,11460.0,376,30.48
Kenny Mason,1,11364.67,414,27.45
Moonshine Bandits,1,11212.5,373,30.06
Club 90s 2000s Night,1,11198.0,629,17.8
Aries,1,11190.27,376,29.76
The Longest Johns,1,11099.76,338,32.84
"""GOLDEN: A K-Pop Party!""",1,11047.0,615,17.96
The Bouncing Souls,1,10802.61,304,35.53
Sam Bush,1,10790.0,248,43.51
Fiinka,1,10672.12,152,70.21
Sekou,2,10658.78,490,22.16
Red Not Chili Peppers,1,10605.0,451,23.51
cbdb,1,10540.0,527,20.0
Purity Ring,1,10520.0,331,31.78
Sinead Culbert,1,10517.46,350,30.05
Santiago Motorizado,1,10464.6,494,21.18
Sam Yo,1,10425.0,145,71.9
Duplat,1,10333.13,396,26.09
Raq Baby,1,10320.0,417,24.75
Sarah Kinsley,1,10311.0,368,28.02
Colony House,1,10300.5,411,25.06
Mario Rosenstock,1,10280.8,200,51.4
Taylorville: A Tribute to Taylor Swift,1,10219.0,438,23.33
I Set My Friends On Fire,1,10065.0,450,22.37
Bleood,1,10000.0,500,20.0
Louie TheSinger,1,10000.0,247,40.49
Rules,2,9937.99,427,23.34
Tigers Jaw,1,9579.0,349,27.45
Craig Ferguson,1,9572.07,204,46.92
Kofi Stone,1,9550.73,357,26.75
John Craigie,1,9521.0,400,23.8
Shawn James,1,9518.31,236,40.33
Eileen Alister,2,9514.16,352,26.9
Somebody's Child,2,9474.16,485,20.05
Bleech 9:3,2,9454.05,488,18.4
The Moss,1,9443.72,334,28.27
"""Bop To The Top""",1,9419.0,416,22.64
House Party Rave,1,9373.0,394,23.79
Trousdale,2,9363.24,367,26.05
Ari Abdul,1,9334.49,295,31.64
The Covasettes,2,9212.27,484,19.03
Joseph,1,9192.0,287,32.03
Mi Amigo Invencible,1,9095.1,430,21.15
Summer Salt,1,8992.57,427,21.06
Jehnny Beth,1,8887.11,295,30.13
Winyah,1,8800.0,400,22.0
Vida,2,8791.98,436,20.12
Hannah Cohen,1,8770.0,350,25.06
KBong,1,8712.0,399,21.83
"""You Must Be Jokin' Live"" Podcast",1,8576.9,247,34.72
Thomas Green,1,8501.82,395,21.52
"""Debí Tirar Más Fiestas - The Bad Bunny Party""",1,8450.0,395,21.39
"""Noise Pop Festival"", The Joy Formidable",1,8400.0,240,35.0
Grooveline,1,8373.18,368,22.75
All American Throwbacks,1,8355.0,424,19.71
Work It,1,8322.5,391,21.29
He Is Legend,1,8300.0,299,27.76
Jon Langston,2,8278.68,333,24.84
DMODE: Ultimate Depeche Mode Experience,1,8276.9,307,26.96
The Lilacs,2,8254.05,389,19.92
Nekrogoblikon,1,8210.0,321,25.58
Nirvani: A Nirvana Tribute,1,8210.0,390,21.05
Day Fever,1,8207.28,463,17.73
Face The West,1,8203.49,306,26.81
Mike Love,1,8149.44,275,29.63
The Wellermen,1,8134.72,353,23.04
THUMPER,1,8079.16,303,26.66
Michael McGovern,1,8047.33,300,26.82
Magic Sword,1,7941.0,249,31.89
Bodysnatcher,1,7930.5,203,39.07
White Reaper,1,7890.8,297,26.57
Brigitte Calls Me Baby,1,7830.0,390,20.08
Now Rave ,1,7817.5,379,20.63
Creeper,1,7747.36,229,33.83
Cat Clyde,2,7688.35,373,20.56
Karl Denson's Tiny Universe,1,7586.2,2500,3.03
The People Brothers Band,1,7585.0,353,21.49
Pentire,2,7531.91,393,19.5
Jane Weaver,1,7514.88,224,33.55
Jamie Woon,1,7458.69,205,36.38
Schur,2,7352.18,450,16.13
The Rare Occasions,1,7345.0,331,22.19
Smells Like Nirvana - A Trib. to Nirvana,1,7340.0,347,21.15
Drugdealer,1,7296.0,262,27.85
Full Of Hell,1,7221.14,184,39.25
After The Last Waltz,2,7213.83,236,30.57
Carter Faith,1,7196.0,399,18.04
Charlie Parr,1,7135.0,317,22.51
Slomosa,1,7125.0,285,25.0
"Rain City Drive, Honey Revenge",1,7108.32,214,33.22
Paul Draper,1,7063.94,209,33.8
Byrne's Night,1,7054.86,300,23.52
Eric Hutchinson,1,7034.4,229,30.72
Mamas Gun,1,6959.35,233,29.87
Sanguisugabogg,1,6918.0,324,21.35
Rock the 90s,1,6900.0,460,15.0
ReBirth Brass Band,1,6802.0,213,31.93
49th &amp; Main,1,6801.66,288,23.62
House Of Heavy,1,6779.0,331,20.48
Harbour,1,6774.0,276,24.54
The Clause,2,6739.82,304,21.92
Born of Osiris,1,6724.43,350,19.21
Hyphen,1,6670.48,330,20.21
"""It's a 2000s Party""",1,6655.0,318,20.93
Marmozets,1,6653.02,300,22.18
"""K-Pop Demon Ravers""",1,6630.0,375,17.68
Infinity Song,1,6577.0,244,26.95
Dan Deacon,1,6570.0,258,25.47
Craig Finn,1,6512.54,163,39.95
Fulton Lee,1,6467.5,195,33.17
Kawaii Rave,1,6428.0,345,18.63
Turtle Smash ,1,6415.0,301,21.31
Roger O'Sullivan,2,6406.4,229,29.41
Sixteen Candles,1,6367.0,286,22.26
Struggle Jennings,1,6358.0,265,23.99
Creed Fisher,1,6341.7,204,31.09
Chris Watson,1,6315.14,210,30.07
Jake Worthington,2,6271.0,221,28.08
Bad Bad Hats,1,6250.0,273,22.89
RJD2,1,6250.0,250,25.0
"""K Pop Demon Hunters Dance Party""",1,6248.0,396,15.78
Jack Wharff,1,6228.56,265,23.5
Shemekia Copeland,1,6187.8,217,28.52
Mystery Skulls,1,6177.08,204,30.28
Chasing Abbey,1,6142.95,300,20.48
SWIM SCHOOL,1,6082.54,300,20.28
Tyler Ballgame,1,6068.53,300,20.23
Die Spitz,1,6067.66,300,20.23
Jamie McIntyre,1,6053.51,300,20.18
The Cost,1,6026.12,241,25.0
Dylan Marlowe,1,6000.0,230,26.09
Low Fidelity All-Stars,1,5962.45,180,33.12
Paul Chowdhry,1,5948.5,172,34.58
Bayker Blankenship,1,5938.0,356,16.68
Marlon Funaki,1,5921.87,219,27.04
Nonpoint,1,5920.0,172,34.42
Saba,1,5913.39,188,31.45
Armor For Sleep,1,5849.5,187,31.28
Skizzy Mars,2,5823.0,224,26.37
Arcy Drive,1,5804.9,259,22.41
Mercy Girl,1,5774.38,330,17.5
INJI,1,5760.7,284,20.28
"""Best Song Ever: 1D Night""",1,5735.0,286,20.05
Then Jerico,1,5712.06,162,35.26
The Molotovs,1,5693.52,300,18.98
Club 90's: 2000's Night,1,5693.0,249,22.86
Party Cannon,1,5605.47,192,29.2
Mihali,1,5585.0,215,25.98
MT Jones,1,5549.97,249,22.29
Better Joy,2,5489.92,317,18.63
Klangkarussell,1,5459.76,165,33.09
Basht.,1,5426.74,300,18.09
Big Richard,1,5415.0,256,21.15
Slipknowt,1,5396.03,230,23.46
Rum.Gold,1,5394.0,243,22.2
Eddie 9V,1,5377.46,283,19.0
Westside Cowboy,1,5336.06,300,17.79
The Big Payback,1,5255.0,240,21.9
Wes Banderson,1,5203.98,173,30.08
Tom Davis,1,5194.16,147,35.33
Peter Flanagan,1,5112.26,151,33.86
Obituary,1,5094.7,163,31.26
Dusty Slay,1,5085.0,145,35.07
The Band Of Heathens,1,5029.4,217,23.18
Night Moves,1,5025.0,270,18.61
NoSo,1,5002.12,284,17.61
Sister Madds,1,4951.58,300,16.51
Kids Table,1,4915.0,254,19.35
"""Gimme Gimme Disco""",2,4876.0,265,18.52
Lupercalia,1,4869.1,300,16.23
Dave Lofts,1,4865.97,300,16.22
The Wran,1,4857.72,264,18.4
Esme Emerson,1,4843.34,255,18.99
ALLT,1,4803.5,265,18.13
Calum Bowie,1,4800.57,209,22.97
Cardinals,1,4765.32,300,15.88
Mike Joyce,1,4764.93,153,31.14
"Hush Now, Sweet Halo",1,4725.0,363,13.02
DeathbyRomy,1,4703.2,230,20.45
Lo Rays,1,4690.55,279,16.81
The Nude Party,1,4680.9,227,20.62
Bob Schneider,1,4632.0,166,27.9
Yumi Zouma,1,4593.73,196,23.44
Dr. Zhivegas,1,4590.0,201,22.84
"""WI Blues Fest""",1,4575.0,202,22.65
Miguel Gane,1,4558.52,220,20.72
Clay Street Unit,1,4514.0,241,18.73
Lords Of The Trident,1,4475.0,263,17.02
The Guest List,1,4347.61,216,20.13
Electric Six,1,4341.8,227,19.13
"""2000's Rave""",1,4316.0,223,19.35
Henry Diltz (Photographer),1,4307.5,131,32.88
Cruz Beckham,1,4240.03,263,16.12
Jackie Venson,1,4218.0,223,18.91
Youth Code,1,4214.78,121,34.83
Arts Fishing Club,1,4204.6,189,22.25
Kerr Mercer,1,4175.58,442,9.45
Pork Tornadoes,1,4175.0,197,21.19
The Kissers,1,4160.0,188,22.13
Black Honey,1,4159.34,168,24.76
Phat Phunktion,1,4145.0,177,23.42
The Rosadocs,1,4105.11,244,16.82
Houses In Motion,1,4105.0,325,12.63
Ciaran Moran,1,4084.11,193,21.16
Nasser Al-Rayess,1,4045.64,150,26.97
"""Evolution of a Snake"" Podcast",1,4019.01,161,24.96
Powfu,1,4005.0,196,20.43
"Granny Shot, Friend Request",1,4003.0,259,15.46
Abuse Your Illusion: Guns N' Roses Tribute,1,3996.35,121,33.03
Howling Bells,1,3991.78,168,23.76
Papercut Peach,1,3987.01,184,21.67
Landon Conrath,1,3923.8,248,15.82
Killowen,2,3915.11,196,19.97
Futurebirds,1,3903.0,153,25.51
The Upshot,1,3887.77,144,27.0
Mdou Moctar,1,3813.0,144,26.48
Left Lane Cruiser,1,3811.0,192,19.85
"""Still Not Okay Tour""",1,3801.0,163,23.32
Stomptown Brass,1,3794.81,175,21.68
The Stunning,1,3728.64,121,30.82
The Loving Cup,1,3720.0,209,17.8
Wytchwound,1,3709.54,228,16.27
Giovanni Smokes,1,3694.39,130,28.42
The East Pointers,1,3679.28,146,25.2
Rocket,1,3659.79,166,22.05
Wintersleep,1,3625.31,198,18.31
"""Weird Ireland"" Podcast",1,3614.98,119,30.38
The Ultimate Garth Brooks Experience,1,3605.95,123,29.32
The Kay Brothers,1,3603.0,172,20.95
Man Of Moon,1,3597.73,155,23.21
The Bros. Landreth,1,3589.81,135,26.59
Jordan Ward,1,3578.3,143,25.02
Drake Milligan,1,3565.0,164,21.74
Probably Stella,1,3536.41,211,16.76
Ellur,1,3533.73,185,19.1
Mixed Signals,1,3512.89,196,17.92
High Parasite,1,3510.22,122,28.77
Jack Van Cleaf,2,3507.43,151,23.21
LaMP,1,3501.0,158,22.16
Twen,1,3491.74,202,17.29
The Deslondes,1,3485.0,167,20.87
The Spine Stealers,1,3465.0,191,18.14
Titus Andronicus,1,3450.0,166,20.78
"""Gary Knowledge Presents: Madtown Nights""",1,3425.4,162,21.14
Monster Florence,1,3343.72,175,19.11
Stone,1,3340.11,166,20.12
"""King Tut's New Year's Revolution"", Stratus",1,3332.11,183,18.21
Abbie Gordon,1,3332.11,199,16.74
Pert Near Sandstone,1,3320.0,149,22.28
The Jack Wharff Band,1,3270.0,160,20.44
Nick Hexum,1,3222.4,117,27.54
French Police,1,3185.49,143,22.28
Jessica Baio,1,3175.36,137,23.18
KLOANS,1,3152.62,175,18.01
Touch Of Trey - Phish &amp; Grateful Dead Trib.,1,3110.0,138,22.54
The Terrys,1,3040.5,132,23.03
Midrift,1,3023.48,139,21.75
Oscar Blue,1,3003.76,125,24.03
"""Justin Bieber Night""",1,2977.16,175,17.01
Tom A. Smith,1,2963.04,164,18.07
Return To Dust,1,2942.5,129,22.81
The Balancing Act,1,2791.91,148,18.86
Greek Tragedy,1,2748.55,163,16.86
Jeffrey Martin,1,2730.07,99,27.58
Joe Jordan,1,2720.0,127,21.42
Ashley Kutcher,1,2685.0,131,20.5
"""Off Campus Night""",1,2676.0,143,18.71
Beaux,1,2654.35,150,17.7
SWIM,1,2641.47,129,20.48
Leftöver Crack,1,2630.0,124,21.21
Not Quite Brothers,1,2625.0,168,15.63
Robert Finley,1,2623.85,80,32.8
Smile Empty Soul,1,2615.0,163,16.04
Overpass,1,2611.67,129,20.25
Creating.A.Movement,1,2611.0,162,16.12
Kylie Morgan,1,2610.0,101,25.84
Moon Walker,1,2605.0,128,20.35
Califone,1,2559.5,116,22.06
Ist Ist,1,2558.26,104,24.6
Grieves,1,2555.0,122,20.94
The Bones Of J.R. Jones,1,2555.0,123,20.77
Tsatsamis,1,2550.48,125,20.4
DJay Mando,1,2550.0,142,17.96
Joseph Huber,1,2535.0,151,16.79
Booshle G.,1,2526.04,94,26.87
Florry,1,2511.55,112,22.42
Church Of Cash,1,2495.0,118,21.14
Maude Latour,1,2482.84,127,19.55
Croíthe,1,2480.86,169,14.68
Theo Bleak,1,2452.61,120,20.44
Florence Black,1,2450.93,75,32.68
Mae Simpson,1,2422.5,109,22.22
Lizzie Reid,1,2417.85,141,17.15
Dèyyess,1,2409.02,129,18.67
Callum Stewart,1,2389.26,129,18.52
Nieve Ella,1,2345.78,100,23.46
Eddie And The Getaway,1,2340.0,116,20.17
William Elliott Whitmore,1,2339.72,120,19.5
Miki Berenyi Trio,1,2310.12,82,28.17
Eve Christina,1,2251.88,120,18.77
Ryan Harris,1,2239.32,74,30.26
Heavy Lungs,1,2204.98,107,20.61
Electric Dreamwalkers,1,2189.16,129,16.97
The Droptines,1,2185.0,133,16.43
The Brothers Allmanac - Allman Brothers Trib.,1,2180.0,128,17.03
Tom Rowley,1,2158.9,88,24.53
The Pale White,1,2143.9,100,21.44
Olive Jones,1,2109.79,105,20.09
The Drive,1,2097.25,155,13.53
Hot Like Mars,1,2095.0,116,18.06
The Hooten Hallers,1,2085.0,124,16.81
Crystal Tides,1,2041.26,103,19.82
"""myspace nite""",1,2015.0,136,14.82
"""Sapphic Factory""",1,2012.0,126,15.97
Scustin,1,2005.75,104,19.29
Johnnyswim,1,1988.23,59,33.7
Alex Spencer,1,1979.4,100,19.79
Hotel Mira,1,1917.06,128,14.98
Martha May &amp; The Mondays,1,1900.54,129,14.73
Hottt Probs,1,1875.0,125,15.0
Shifter,1,1874.85,11,170.44
Ricky Chilton,1,1873.72,158,11.86
Genevieve Heyward,1,1839.0,120,15.33
Pallbearer,1,1834.0,70,26.2
Sophia Stel,1,1786.49,88,20.3
Late Night Getaway Drivers,1,1784.3,108,16.52
heavyskint,1,1732.26,100,17.32
Jaboukie Young-White,1,1729.79,45,38.44
"""Summer Camp: On the Road""",2,1710.0,171,10.0
Iann Brennan &amp; The Echoes,1,1662.97,110,15.12
The Cardinal Summer,1,1641.0,122,13.45
Hayden Calnin,1,1578.99,58,27.22
King Tut's Ha Ha Hut,1,1541.74,61,25.27
Maicín,1,1501.36,90,16.68
"""Disco, Always: A Harry Styles Dance Night""",1,1485.0,94,15.8
Jade Helliwell,1,1473.88,54,27.29
The Porch Flowers,1,1470.0,111,13.24
Tyler Halverson,1,1457.72,103,14.15
John R. Miller,1,1454.97,60,24.25
Cal in Red,1,1453.68,87,16.71
Logan Crosby,1,1445.0,95,15.21
Fall From Grace,1,1441.75,89,16.2
Adam Burke,1,1427.83,50,28.56
dexter in the newsagent,1,1409.56,63,22.37
Conor Byrne,1,1405.46,70,20.08
Ellise,1,1371.0,54,25.39
MOULD,2,1346.06,76,17.71
Kenan Flannery,1,1325.62,75,17.67
Sei Green,1,1305.24,80,16.32
Christopher MacArthur-Boyd,1,1299.83,53,24.53
Black Foxxes,1,1294.38,69,18.76
Charlie Noordewier,2,1253.86,75,16.93
Tom Hingley,1,1250.24,61,20.5
ALKY,1,1225.16,90,13.61
Issue,2,1222.04,112,10.92
"Wayne ""The Train"" Hancock",1,1160.0,54,21.48
Nick Thune,1,1093.3,41,26.67
Quiet Man,3,1055.71,78,13.55
Olöf Arnalds,1,1055.48,129,8.18
The Survivalist,1,990.76,43,23.04
Niamh McCrystal,1,975.99,44,22.18
Bit Brigade,1,970.0,56,17.32
Elle Coves,1,955.59,49,19.5
Ben Lapidus,1,947.0,38,24.92
Jack Cullen,1,910.75,46,19.8
Congratulations,1,902.98,53,17.04
Colin Graham,1,900.33,44,20.46
Knives,1,887.5,46,19.29
thistle.,1,827.58,46,17.99
Ed Bassmaster,1,821.81,40,20.55
Legss,1,819.63,45,18.21
Susie Mccabe,1,806.02,28,28.79
Spanish Horses,1,804.53,48,16.76
Pentagram,1,795.42,20,39.77
RIP Magic,1,782.92,48,16.31
GA-20,1,771.0,50,15.42
pyncher,1,762.75,47,16.23
Kelsey Waldon,1,715.0,41,17.44
Bloodworm,1,714.77,40,17.87
Disgusting Sisters	,1,705.27,49,14.39
Amythyst Kiah,1,689.41,23,29.97
Pozzy,1,688.85,35,19.68
"""Wisecrack Live!""",1,679.59,25,27.18
GRESLEY,2,594.04,31,18.77
Eric Rushton,1,572.23,24,23.84
Alana Jackson,1,540.69,21,25.75
Shay O'Dowd,1,536.23,29,18.49
Mac Saturn,1,505.0,30,16.83
Clover County,1,494.88,40,12.37
Snug,1,457.26,42,10.89
Slag,1,419.66,28,14.99
EMMMA,1,401.96,21,19.14
Canned Pineapple,1,394.69,24,16.45
Jacoozy,1,390.0,26,15.0
Fiona O'Connell,1,385.86,20,19.29
Mountain Boy ,1,279.77,17,16.46
Voka Gentle,1,252.66,17,14.86
